Trade Date,Total_USDT,NAV
2025/2/7,100,1
2025/2/8,100,1
2025/2/9,100,1
2025/2/10,100,1
2025/2/11,98.10758643733449,0.9810758643733449
2025/2/12,97.91138148717975,0.9791138148717975
2025/2/13,96.45607579473595,0.9645607579473595
2025/2/14,96.2631536788553,0.9626315367885531
2025/2/15,96.13918725814845,0.9613918725814845
2025/2/16,94.70892834495051,0.947089283449505
2025/2/17,94.51951048826061,0.945195104882606
2025/2/18,94.51951048826061,0.945195104882606
2025/2/19,94.51951048826061,0.945195104882606
2025/2/20,94.51951048826061,0.945195104882606
2025/2/21,94.51951048826061,0.945195104882606
2025/2/22,94.51951048826061,0.945195104882606
2025/2/23,94.51951048826061,0.945195104882606
2025/2/24,94.51951048826061,0.945195104882606
2025/2/25,94.51951048826061,0.945195104882606
2025/2/26,94.51951048826061,0.945195104882606
2025/2/27,94.51951048826061,0.945195104882606
2025/2/28,94.51951048826061,0.945195104882606
2025/3/1,94.51951048826061,0.945195104882606
2025/3/2,94.51951048826061,0.945195104882606
2025/3/3,86.27627227445475,0.8627627227445476
2025/3/4,86.10426898426454,0.8610426898426453
2025/3/5,86.10426898426454,0.8610426898426453
2025/3/6,86.10426898426454,0.8610426898426453
2025/3/7,86.10426898426454,0.8610426898426453
2025/3/8,86.10426898426454,0.8610426898426453
2025/3/9,86.10426898426454,0.8610426898426453
2025/3/10,86.10426898426454,0.8610426898426453
2025/3/11,86.10426898426454,0.8610426898426453
2025/3/12,86.10426898426454,0.8610426898426453
2025/3/13,86.10426898426454,0.8610426898426453
2025/3/14,86.10426898426454,0.8610426898426453
2025/3/15,86.10426898426454,0.8610426898426453
2025/3/16,86.10426898426454,0.8610426898426453
2025/3/17,86.10426898426454,0.8610426898426453
2025/3/18,86.10426898426454,0.8610426898426453
2025/3/19,86.10426898426454,0.8610426898426453
2025/3/20,86.10426898426454,0.8610426898426453
2025/3/21,86.10426898426454,0.8610426898426453
2025/3/22,86.10426898426454,0.8610426898426453
2025/3/23,86.10426898426454,0.8610426898426453
2025/3/24,86.10426898426454,0.8610426898426453
2025/3/25,86.10426898426454,0.8610426898426453
2025/3/26,86.10426898426454,0.8610426898426453
2025/3/27,86.10426898426454,0.8610426898426453
2025/3/28,86.10426898426454,0.8610426898426453
2025/3/29,86.10426898426454,0.8610426898426453
2025/3/30,86.10426898426454,0.8610426898426453
2025/3/31,86.10426898426454,0.8610426898426453
2025/4/1,86.10426898426454,0.8610426898426453
2025/4/2,86.10426898426454,0.8610426898426453
2025/4/3,86.10426898426454,0.8610426898426453
2025/4/4,86.10426898426454,0.8610426898426453
2025/4/5,86.10426898426454,0.8610426898426453
2025/4/6,86.10426898426454,0.8610426898426453
2025/4/7,86.10426898426454,0.8610426898426453
2025/4/8,86.10426898426454,0.8610426898426453
2025/4/9,86.10426898426454,0.8610426898426453
2025/4/10,86.10426898426454,0.8610426898426453
2025/4/11,86.10426898426454,0.8610426898426453
2025/4/12,86.10426898426454,0.8610426898426453
2025/4/13,86.10426898426454,0.8610426898426453
2025/4/14,86.10426898426454,0.8610426898426453
2025/4/15,86.10426898426454,0.8610426898426453
2025/4/16,86.10426898426454,0.8610426898426453
2025/4/17,86.10426898426454,0.8610426898426453
2025/4/18,86.10426898426454,0.8610426898426453
2025/4/19,86.10426898426454,0.8610426898426453
2025/4/20,86.10426898426454,0.8610426898426453
2025/4/21,86.10426898426454,0.8610426898426453
2025/4/22,86.10426898426454,0.8610426898426453
2025/4/23,86.10426898426454,0.8610426898426453
2025/4/24,86.19783862733384,0.8619783862733383
2025/4/25,86.80154149626922,0.8680154149626922
2025/4/26,86.79174591941651,0.8679174591941652
2025/4/27,85.98581208229228,0.8598581208229228
2025/4/28,85.81383130458303,0.8581383130458303
2025/4/29,84.96257032763015,0.8496257032763015
2025/4/30,84.79264518697488,0.8479264518697488
2025/5/1,84.79264518697488,0.8479264518697488
2025/5/2,84.97178509985551,0.8497178509985551
2025/5/3,84.0678249010291,0.840678249010291
2025/5/4,82.68318856729428,0.8268318856729429
2025/5/5,82.51781343751806,0.8251781343751806
2025/5/6,82.51781343751806,0.8251781343751806
2025/5/7,82.52020488675652,0.8252020488675652
2025/5/8,87.81948345040269,0.8781948345040269
2025/5/9,87.57318278682521,0.8757318278682521
2025/5/10,89.13593034854664,0.8913593034854663
2025/5/11,88.54781426870227,0.8854781426870226
2025/5/12,87.41953083803705,0.8741953083803705
2025/5/13,87.24469177636098,0.8724469177636098
2025/5/14,86.57215022258487,0.8657215022258486
2025/5/15,86.39901426923906,0.8639901426923906
2025/5/16,85.97742216282957,0.8597742216282956
2025/5/17,85.8054673185039,0.858054673185039
2025/5/18,85.8054673185039,0.858054673185039
2025/5/19,84.9258808684547,0.849258808684547
2025/5/20,85.95252495114387,0.8595252495114387
2025/5/21,88.20008112511728,0.8820008112511728
2025/5/22,89.85093285430543,0.8985093285430543
2025/5/23,86.3292440033391,0.863292440033391
2025/5/24,86.15658551533242,0.8615658551533243
2025/5/25,86.15658551533242,0.8615658551533243
2025/5/26,86.15658551533242,0.8615658551533243
2025/5/27,85.59442204751383,0.8559442204751383
2025/5/28,84.68582835889649,0.8468582835889649
2025/5/29,84.51645670217869,0.8451645670217869
2025/5/30,84.51645670217869,0.8451645670217869
2025/5/31,84.51645670217869,0.8451645670217869
2025/6/1,84.51645670217869,0.8451645670217869
2025/6/2,84.51645670217869,0.8451645670217869
2025/6/3,84.51645670217869,0.8451645670217869
2025/6/4,84.51645670217869,0.8451645670217869
2025/6/5,84.51645670217869,0.8451645670217869
2025/6/6,84.51645670217869,0.8451645670217869
2025/6/7,84.51645670217869,0.8451645670217869
2025/6/8,84.51645670217869,0.8451645670217869
2025/6/9,84.51645670217869,0.8451645670217869
2025/6/10,84.51645670217869,0.8451645670217869
2025/6/11,84.51645670217869,0.8451645670217869
2025/6/12,84.51645670217869,0.8451645670217869
2025/6/13,84.51645670217869,0.8451645670217869
2025/6/14,84.51645670217869,0.8451645670217869
2025/6/15,84.51645670217869,0.8451645670217869
2025/6/16,84.51645670217869,0.8451645670217869
2025/6/17,84.51645670217869,0.8451645670217869
2025/6/18,84.51645670217869,0.8451645670217869
2025/6/19,84.51645670217869,0.8451645670217869
2025/6/20,84.51645670217869,0.8451645670217869
2025/6/21,84.51645670217869,0.8451645670217869
2025/6/22,84.51645670217869,0.8451645670217869
2025/6/23,84.51645670217869,0.8451645670217869
2025/6/24,84.51645670217869,0.8451645670217869
2025/6/25,84.51645670217869,0.8451645670217869
2025/6/26,84.51645670217869,0.8451645670217869
2025/6/27,84.51645670217869,0.8451645670217869
2025/6/28,84.51645670217869,0.8451645670217869
2025/6/29,84.51645670217869,0.8451645670217869
2025/6/30,84.51645670217869,0.8451645670217869
2025/7/1,84.51645670217869,0.8451645670217869
2025/7/2,84.51645670217869,0.8451645670217869
2025/7/3,84.51645670217869,0.8451645670217869
2025/7/4,84.51645670217869,0.8451645670217869
2025/7/5,84.51645670217869,0.8451645670217869
2025/7/6,84.51645670217869,0.8451645670217869
2025/7/7,84.51645670217869,0.8451645670217869
2025/7/8,84.51645670217869,0.8451645670217869
2025/7/9,86.13735285451106,0.8613735285451106
2025/7/10,89.83579843402029,0.8983579843402029
2025/7/11,91.01104365297878,0.9101104365297878
2025/7/12,90.927673925719,0.9092767392571901
2025/7/13,92.21828624450252,0.9221828624450252
2025/7/14,92.80258676471979,0.928025867647198
2025/7/15,91.18948398599449,0.9118948398599449
2025/7/16,91.00709728971228,0.9100709728971228
2025/7/17,91.2443306076883,0.912443306076883
2025/7/18,90.2852272509921,0.902852272509921
2025/7/19,90.10465679649012,0.9010465679649012
2025/7/20,90.10465679649012,0.9010465679649012
2025/7/21,90.10465679649012,0.9010465679649012
2025/7/22,90.10465679649012,0.9010465679649012
2025/7/23,89.02638695771778,0.8902638695771777
2025/7/24,88.71527885624472,0.8871527885624473
2025/7/25,88.17051732569426,0.8817051732569426
2025/7/26,87.99417629104288,0.8799417629104288
2025/7/27,87.99417629104288,0.8799417629104288
2025/7/28,87.99417629104288,0.8799417629104288
2025/7/29,87.99417629104288,0.8799417629104288
2025/7/30,87.99417629104288,0.8799417629104288
2025/7/31,87.99417629104288,0.8799417629104288
2025/8/1,87.99417629104288,0.8799417629104288
2025/8/2,87.99417629104288,0.8799417629104288
2025/8/3,87.99417629104288,0.8799417629104288
2025/8/4,87.99417629104288,0.8799417629104288
2025/8/5,87.99417629104288,0.8799417629104288
2025/8/6,87.99417629104288,0.8799417629104288
2025/8/7,87.99417629104288,0.8799417629104288
2025/8/8,87.99417629104288,0.8799417629104288
2025/8/9,87.99417629104288,0.8799417629104288
2025/8/10,87.99417629104288,0.8799417629104288
2025/8/11,87.99417629104288,0.8799417629104288
2025/8/12,87.99417629104288,0.8799417629104288
2025/8/13,87.99417629104288,0.8799417629104288
2025/8/14,87.99417629104288,0.8799417629104288
2025/8/15,87.99417629104288,0.8799417629104288
2025/8/16,87.99417629104288,0.8799417629104288
2025/8/17,87.99417629104288,0.8799417629104288
2025/8/18,87.99417629104288,0.8799417629104288
2025/8/19,87.99417629104288,0.8799417629104288
2025/8/20,87.99417629104288,0.8799417629104288
2025/8/21,87.99417629104288,0.8799417629104288
2025/8/22,87.99417629104288,0.8799417629104288
2025/8/23,87.99417629104288,0.8799417629104288
2025/8/24,87.99417629104288,0.8799417629104288
2025/8/25,87.99417629104288,0.8799417629104288
2025/8/26,87.99417629104288,0.8799417629104288
2025/8/27,87.99417629104288,0.8799417629104288
2025/8/28,87.99417629104288,0.8799417629104288
2025/8/29,87.99417629104288,0.8799417629104288
2025/8/30,87.99417629104288,0.8799417629104288
2025/8/31,87.99417629104288,0.8799417629104288
2025/9/1,87.99417629104288,0.8799417629104288
2025/9/2,87.99417629104288,0.8799417629104288
2025/9/3,88.18618655201753,0.8818618655201753
2025/9/4,87.41659812096624,0.8741659812096624
2025/9/5,87.36064183276211,0.8736064183276211
2025/9/6,87.18592842781776,0.8718592842781776
2025/9/7,87.18592842781776,0.8718592842781776
2025/9/8,87.18592842781776,0.8718592842781776
2025/9/9,87.18592842781776,0.8718592842781776
2025/9/10,87.18592842781776,0.8718592842781776
2025/9/11,87.18592842781776,0.8718592842781776
2025/9/12,87.18592842781776,0.8718592842781776
2025/9/13,87.18592842781776,0.8718592842781776
2025/9/14,87.18592842781776,0.8718592842781776
2025/9/15,87.18592842781776,0.8718592842781776
2025/9/16,87.18592842781776,0.8718592842781776
2025/9/17,86.75757189843611,0.8675757189843611
2025/9/18,87.22391933039334,0.8722391933039334
2025/9/19,86.15021162427911,0.861502116242791
2025/9/20,85.97791863648341,0.8597791863648341
2025/9/21,85.97791863648341,0.8597791863648341
2025/9/22,85.97791863648341,0.8597791863648341
2025/9/23,85.97791863648341,0.8597791863648341
2025/9/24,85.97791863648341,0.8597791863648341
2025/9/25,85.97791863648341,0.8597791863648341
2025/9/26,85.97791863648341,0.8597791863648341
2025/9/27,85.97791863648341,0.8597791863648341
2025/9/28,85.97791863648341,0.8597791863648341
2025/9/29,85.97791863648341,0.8597791863648341
2025/9/30,85.97791863648341,0.8597791863648341
2025/10/1,85.97791863648341,0.8597791863648341
2025/10/2,85.97791863648341,0.8597791863648341
2025/10/3,85.97791863648341,0.8597791863648341
2025/10/4,85.97791863648341,0.8597791863648341
2025/10/5,85.97791863648341,0.8597791863648341
2025/10/6,85.97791863648341,0.8597791863648341
2025/10/7,83.51720017374996,0.8351720017374995
2025/10/8,83.35017264294333,0.8335017264294333
2025/10/9,82.07500479037449,0.820750047903745
2025/10/10,81.91086151342888,0.8191086151342888
2025/10/11,81.91086151342888,0.8191086151342888
2025/10/12,81.91086151342888,0.8191086151342888
2025/10/13,81.91086151342888,0.8191086151342888
2025/10/14,81.91086151342888,0.8191086151342888
2025/10/15,81.91086151342888,0.8191086151342888
2025/10/16,81.91086151342888,0.8191086151342888
2025/10/17,81.91086151342888,0.8191086151342888
2025/10/18,81.91086151342888,0.8191086151342888
2025/10/19,81.91086151342888,0.8191086151342888
2025/10/20,81.91086151342888,0.8191086151342888
2025/10/21,81.91086151342888,0.8191086151342888
2025/10/22,81.91086151342888,0.8191086151342888
2025/10/23,81.91086151342888,0.8191086151342888
2025/10/24,81.91086151342888,0.8191086151342888
2025/10/25,81.91086151342888,0.8191086151342888
2025/10/26,81.91086151342888,0.8191086151342888
2025/10/27,81.91086151342888,0.8191086151342888
2025/10/28,81.91086151342888,0.8191086151342888
2025/10/29,81.91086151342888,0.8191086151342888
2025/10/30,81.91086151342888,0.8191086151342888
2025/10/31,81.91086151342888,0.8191086151342888
2025/11/1,81.91086151342888,0.8191086151342888
2025/11/2,81.91086151342888,0.8191086151342888
2025/11/3,81.91086151342888,0.8191086151342888
2025/11/4,81.91086151342888,0.8191086151342888
2025/11/5,81.91086151342888,0.8191086151342888
2025/11/6,81.91086151342888,0.8191086151342888
2025/11/7,81.91086151342888,0.8191086151342888
2025/11/8,81.91086151342888,0.8191086151342888
2025/11/9,81.91086151342888,0.8191086151342888
2025/11/10,81.91086151342888,0.8191086151342888
2025/11/11,81.91086151342888,0.8191086151342888
2025/11/12,81.91086151342888,0.8191086151342888
2025/11/13,81.91086151342888,0.8191086151342888
2025/11/14,81.91086151342888,0.8191086151342888
2025/11/15,81.91086151342888,0.8191086151342888
2025/11/16,81.91086151342888,0.8191086151342888
2025/11/17,81.91086151342888,0.8191086151342888
2025/11/18,81.91086151342888,0.8191086151342888
2025/11/19,81.91086151342888,0.8191086151342888
2025/11/20,81.91086151342888,0.8191086151342888
2025/11/21,81.91086151342888,0.8191086151342888
2025/11/22,81.91086151342888,0.8191086151342888
2025/11/23,81.91086151342888,0.8191086151342888
2025/11/24,81.91086151342888,0.8191086151342888
2025/11/25,81.91086151342888,0.8191086151342888
2025/11/26,81.91086151342888,0.8191086151342888
2025/11/27,81.91086151342888,0.8191086151342888
2025/11/28,81.91086151342888,0.8191086151342888
2025/11/29,81.91086151342888,0.8191086151342888
2025/11/30,81.91086151342888,0.8191086151342888
2025/12/1,81.91086151342888,0.8191086151342888
2025/12/2,81.91086151342888,0.8191086151342888
2025/12/3,81.91086151342888,0.8191086151342888
2025/12/4,81.91086151342888,0.8191086151342888
2025/12/5,81.91086151342888,0.8191086151342888
2025/12/6,81.91086151342888,0.8191086151342888
2025/12/7,81.91086151342888,0.8191086151342888
2025/12/8,81.91086151342888,0.8191086151342888
2025/12/9,81.91086151342888,0.8191086151342888
2025/12/10,81.91086151342888,0.8191086151342888
2025/12/11,81.91086151342888,0.8191086151342888
2025/12/12,81.91086151342888,0.8191086151342888
2025/12/13,81.91086151342888,0.8191086151342888
2025/12/14,81.91086151342888,0.8191086151342888
2025/12/15,81.91086151342888,0.8191086151342888
2025/12/16,81.91086151342888,0.8191086151342888
2025/12/17,81.91086151342888,0.8191086151342888
2025/12/18,81.91086151342888,0.8191086151342888
2025/12/19,81.91086151342888,0.8191086151342888
2025/12/20,81.91086151342888,0.8191086151342888
2025/12/21,81.91086151342888,0.8191086151342888
2025/12/22,81.91086151342888,0.8191086151342888
2025/12/23,81.91086151342888,0.8191086151342888
2025/12/24,81.91086151342888,0.8191086151342888
2025/12/25,81.91086151342888,0.8191086151342888
2025/12/26,81.91086151342888,0.8191086151342888
2025/12/27,81.91086151342888,0.8191086151342888
2025/12/28,81.91086151342888,0.8191086151342888
2025/12/29,81.91086151342888,0.8191086151342888
2025/12/30,81.91086151342888,0.8191086151342888
2025/12/31,81.91086151342888,0.8191086151342888
2026/1/1,81.91086151342888,0.8191086151342888
2026/1/2,81.91086151342888,0.8191086151342888
2026/1/3,81.91086151342888,0.8191086151342888
2026/1/4,81.91086151342888,0.8191086151342888
2026/1/5,81.91086151342888,0.8191086151342888
2026/1/6,81.91086151342888,0.8191086151342888
2026/1/7,81.91086151342888,0.8191086151342888
2026/1/8,81.91086151342888,0.8191086151342888
2026/1/9,81.91086151342888,0.8191086151342888
2026/1/10,81.91086151342888,0.8191086151342888
2026/1/11,81.91086151342888,0.8191086151342888
2026/1/12,81.91086151342888,0.8191086151342888
2026/1/13,81.91086151342888,0.8191086151342888
2026/1/14,81.91086151342888,0.8191086151342888
2026/1/15,81.91086151342888,0.8191086151342888
2026/1/16,81.91086151342888,0.8191086151342888
2026/1/17,81.91086151342888,0.8191086151342888
2026/1/18,81.91086151342888,0.8191086151342888
2026/1/19,81.91086151342888,0.8191086151342888
2026/1/20,81.91086151342888,0.8191086151342888
2026/1/21,81.91086151342888,0.8191086151342888
2026/1/22,81.91086151342888,0.8191086151342888
2026/1/23,81.91086151342888,0.8191086151342888
2026/1/24,81.91086151342888,0.8191086151342888
2026/1/25,81.91086151342888,0.8191086151342888
2026/1/26,81.91086151342888,0.8191086151342888
2026/1/27,81.91086151342888,0.8191086151342888
2026/1/28,81.91086151342888,0.8191086151342888
2026/1/29,81.91086151342888,0.8191086151342888
2026/1/30,81.91086151342888,0.8191086151342888
2026/1/31,81.91086151342888,0.8191086151342888
2026/2/1,81.91086151342888,0.8191086151342888
2026/2/2,81.91086151342888,0.8191086151342888
2026/2/3,81.91086151342888,0.8191086151342888
2026/2/4,81.91086151342888,0.8191086151342888
2026/2/5,81.91086151342888,0.8191086151342888
2026/2/6,81.91086151342888,0.8191086151342888
2026/2/7,81.91086151342888,0.8191086151342888
2026/2/8,81.91086151342888,0.8191086151342888
2026/2/9,81.91086151342888,0.8191086151342888
2026/2/10,81.91086151342888,0.8191086151342888
2026/2/11,81.91086151342888,0.8191086151342888
2026/2/12,81.91086151342888,0.8191086151342888
2026/2/13,81.91086151342888,0.8191086151342888
2026/2/14,81.91086151342888,0.8191086151342888
2026/2/15,81.91086151342888,0.8191086151342888
2026/2/16,81.91086151342888,0.8191086151342888
2026/2/17,81.91086151342888,0.8191086151342888
2026/2/18,81.91086151342888,0.8191086151342888
2026/2/19,81.91086151342888,0.8191086151342888
2026/2/20,81.91086151342888,0.8191086151342888
2026/2/21,81.91086151342888,0.8191086151342888
2026/2/22,81.91086151342888,0.8191086151342888
2026/2/23,81.91086151342888,0.8191086151342888
2026/2/24,81.91086151342888,0.8191086151342888
2026/2/25,81.91086151342888,0.8191086151342888
2026/2/26,81.91086151342888,0.8191086151342888
2026/2/27,81.91086151342888,0.8191086151342888
2026/2/28,81.91086151342888,0.8191086151342888
2026/3/1,81.91086151342888,0.8191086151342888
2026/3/2,81.91086151342888,0.8191086151342888
2026/3/3,81.91086151342888,0.8191086151342888
2026/3/4,81.91086151342888,0.8191086151342888
2026/3/5,81.91086151342888,0.8191086151342888
2026/3/6,81.91086151342888,0.8191086151342888
2026/3/7,81.91086151342888,0.8191086151342888
2026/3/8,81.91086151342888,0.8191086151342888
2026/3/9,81.91086151342888,0.8191086151342888
2026/3/10,81.91086151342888,0.8191086151342888
2026/3/11,81.91086151342888,0.8191086151342888
2026/3/12,81.91086151342888,0.8191086151342888
2026/3/13,81.91086151342888,0.8191086151342888
2026/3/14,81.91086151342888,0.8191086151342888
2026/3/15,81.91086151342888,0.8191086151342888
2026/3/16,81.91086151342888,0.8191086151342888
2026/3/17,81.91086151342888,0.8191086151342888
2026/3/18,81.91086151342888,0.8191086151342888
2026/3/19,81.91086151342888,0.8191086151342888
2026/3/20,81.91086151342888,0.8191086151342888
2026/3/21,81.91086151342888,0.8191086151342888
2026/3/22,81.91086151342888,0.8191086151342888
2026/3/23,81.91086151342888,0.8191086151342888
2026/3/24,81.91086151342888,0.8191086151342888
2026/3/25,81.91086151342888,0.8191086151342888
2026/3/26,81.91086151342888,0.8191086151342888
2026/3/27,81.91086151342888,0.8191086151342888
2026/3/28,81.91086151342888,0.8191086151342888
2026/3/29,81.91086151342888,0.8191086151342888
2026/3/30,81.91086151342888,0.8191086151342888
2026/3/31,81.91086151342888,0.8191086151342888
2026/4/1,81.91086151342888,0.8191086151342888
2026/4/2,81.91086151342888,0.8191086151342888
2026/4/3,81.91086151342888,0.8191086151342888
2026/4/4,81.91086151342888,0.8191086151342888
2026/4/5,81.91086151342888,0.8191086151342888
2026/4/6,81.91086151342888,0.8191086151342888
2026/4/7,81.91086151342888,0.8191086151342888
2026/4/8,81.91086151342888,0.8191086151342888
2026/4/9,81.91086151342888,0.8191086151342888
2026/4/10,81.91086151342888,0.8191086151342888
2026/4/11,81.91086151342888,0.8191086151342888
2026/4/12,81.91086151342888,0.8191086151342888
2026/4/13,81.91086151342888,0.8191086151342888
2026/4/14,81.91086151342888,0.8191086151342888
2026/4/15,81.91086151342888,0.8191086151342888
2026/4/16,81.91086151342888,0.8191086151342888
2026/4/17,81.91086151342888,0.8191086151342888
2026/4/18,81.91086151342888,0.8191086151342888
2026/4/19,81.91086151342888,0.8191086151342888
2026/4/20,81.91086151342888,0.8191086151342888
2026/4/21,81.91086151342888,0.8191086151342888
2026/4/22,81.91086151342888,0.8191086151342888
2026/4/23,81.83024531420993,0.8183024531420994
2026/4/24,80.97244307289688,0.8097244307289688
2026/4/25,81.16889008584926,0.8116889008584925
2026/4/26,82.24858010141311,0.8224858010141312
2026/4/27,80.90362858456774,0.8090362858456774
2026/4/28,80.74182132739861,0.8074182132739861
2026/4/29,80.74182132739861,0.8074182132739861
2026/4/30,80.74182132739861,0.8074182132739861
2026/5/1,80.74182132739861,0.8074182132739861
2026/5/2,80.74182132739861,0.8074182132739861
2026/5/3,80.74182132739861,0.8074182132739861
2026/5/4,80.74182132739861,0.8074182132739861
2026/5/5,80.74182132739861,0.8074182132739861
2026/5/6,80.74182132739861,0.8074182132739861
2026/5/7,80.74182132739861,0.8074182132739861
2026/5/8,80.74182132739861,0.8074182132739861
2026/5/9,80.74182132739861,0.8074182132739861
2026/5/10,80.74182132739861,0.8074182132739861
2026/5/11,80.74182132739861,0.8074182132739861
2026/5/12,80.74182132739861,0.8074182132739861
2026/5/13,80.74182132739861,0.8074182132739861
2026/5/14,80.74182132739861,0.8074182132739861
2026/5/15,80.74182132739861,0.8074182132739861
2026/5/16,80.74182132739861,0.8074182132739861
2026/5/17,80.74182132739861,0.8074182132739861
2026/5/18,80.74182132739861,0.8074182132739861
2026/5/19,80.74182132739861,0.8074182132739861
2026/5/20,80.74182132739861,0.8074182132739861
2026/5/21,80.74182132739861,0.8074182132739861
2026/5/22,80.74182132739861,0.8074182132739861
2026/5/23,80.74182132739861,0.8074182132739861
2026/5/24,80.74182132739861,0.8074182132739861
2026/5/25,80.84943661681693,0.8084943661681693
2026/5/26,79.39393363945499,0.7939393363945498
2026/5/27,79.23514577217607,0.7923514577217606
2026/5/28,79.23514577217607,0.7923514577217606
2026/5/29,79.23514577217607,0.7923514577217606
2026/5/30,79.23514577217607,0.7923514577217606
2026/5/31,79.23514577217607,0.7923514577217606
2026/6/1,79.23514577217607,0.7923514577217606
2026/6/2,79.23514577217607,0.7923514577217606
2026/6/3,79.23514577217607,0.7923514577217606
2026/6/4,79.23514577217607,0.7923514577217606
2026/6/5,79.23514577217607,0.7923514577217606
2026/6/6,79.23514577217607,0.7923514577217606
2026/6/7,79.23514577217607,0.7923514577217606
2026/6/8,79.23514577217607,0.7923514577217606
2026/6/9,79.23514577217607,0.7923514577217606
2026/6/10,79.23514577217607,0.7923514577217606
2026/6/11,79.23514577217607,0.7923514577217606
2026/6/12,79.23514577217607,0.7923514577217606
2026/6/13,79.23514577217607,0.7923514577217606
2026/6/14,79.23514577217607,0.7923514577217606
2026/6/15,79.23514577217607,0.7923514577217606
2026/6/16,79.23514577217607,0.7923514577217606
2026/6/17,79.23514577217607,0.7923514577217606
2026/6/18,79.23514577217607,0.7923514577217606
2026/6/19,79.23514577217607,0.7923514577217606
2026/6/20,79.23514577217607,0.7923514577217606
2026/6/21,79.23514577217607,0.7923514577217606
2026/6/22,79.23514577217607,0.7923514577217606
2026/6/23,79.23514577217607,0.7923514577217606
2026/6/24,79.23514577217607,0.7923514577217606
2026/6/25,79.23514577217607,0.7923514577217606
2026/6/26,79.23514577217607,0.7923514577217606
2026/6/27,79.23514577217607,0.7923514577217606
2026/6/28,79.23514577217607,0.7923514577217606
2026/6/29,79.23514577217607,0.7923514577217606
2026/6/30,79.23514577217607,0.7923514577217606
2026/7/1,79.23514577217607,0.7923514577217606
2026/7/2,79.23514577217607,0.7923514577217606
2026/7/3,79.23514577217607,0.7923514577217606
2026/7/4,79.23514577217607,0.7923514577217606
2026/7/5,79.23514577217607,0.7923514577217606
2026/7/6,79.23514577217607,0.7923514577217606
2026/7/7,79.23514577217607,0.7923514577217606
2026/7/8,79.23514577217607,0.7923514577217606
2026/7/9,79.23514577217607,0.7923514577217606
2026/7/10,79.23514577217607,0.7923514577217606
2026/7/11,79.23514577217607,0.7923514577217606
2026/7/12,79.23514577217607,0.7923514577217606
2026/7/13,79.23514577217607,0.7923514577217606
2026/7/14,79.23514577217607,0.7923514577217606
2026/7/15,79.23514577217607,0.7923514577217606
2026/7/16,79.23514577217607,0.7923514577217606
2026/7/17,79.23514577217607,0.7923514577217606
2026/7/18,79.23514577217607,0.7923514577217606
2026/7/19,79.23514577217607,0.7923514577217606
2026/7/20,79.23514577217607,0.7923514577217606
2026/7/21,79.23514577217607,0.7923514577217606
2026/7/22,79.23514577217607,0.7923514577217606
2026/7/23,79.23514577217607,0.7923514577217606
2026/7/24,79.23514577217607,0.7923514577217606
2026/7/25,79.23514577217607,0.7923514577217606
2026/7/26,79.23514577217607,0.7923514577217606
2026/7/27,79.23514577217607,0.7923514577217606
