Trade Time,Action,Price,Position
2025-02-11,Buy,97430.82,100.0
2025-02-12,Sell,95778.21,97.91138148717975
2025-02-13,Buy,97870.0,97.91138148717975
2025-02-14,Sell,96608.13,96.2631536788553
2025-02-15,Buy,97500.47,96.2631536788553
2025-02-17,Sell,96118.12,94.51951048826061
2025-03-03,Buy,94269.99,94.51951048826061
2025-03-04,Sell,86221.16,86.10426898426454
2025-04-24,Buy,93691.07,86.10426898426454
2025-04-28,Sell,93749.29,85.81383130458303
2025-04-29,Buy,95011.18,85.81383130458303
2025-04-30,Sell,94256.82,84.79264518697488
2025-05-02,Buy,96489.9,84.79264518697488
2025-05-05,Sell,94277.61,82.51781343751806
2025-05-07,Buy,96834.02,82.51781343751806
2025-05-13,Sell,102791.32,87.24469177636098
2025-05-14,Buy,104103.72,87.24469177636098
2025-05-15,Sell,103507.83,86.39901426923906
2025-05-16,Buy,103763.71,86.39901426923906
2025-05-17,Sell,103463.9,85.8054673185039
2025-05-19,Buy,106454.27,85.8054673185039
2025-05-24,Sell,107318.3,86.15658551533242
2025-05-27,Buy,109434.78,86.15658551533242
2025-05-29,Sell,107781.78,84.51645670217869
2025-07-09,Buy,108922.99,84.51645670217869
2025-07-16,Sell,117758.08,91.00709728971228
2025-07-17,Buy,118630.44,91.00709728971228
2025-07-19,Sell,117924.84,90.10465679649012
2025-07-23,Buy,119954.43,90.10465679649012
2025-07-26,Sell,117614.31,87.99417629104288
2025-09-03,Buy,111240.01,87.99417629104288
2025-09-06,Sell,110660.0,87.18592842781776
2025-09-17,Buy,116788.96,87.18592842781776
2025-09-20,Sell,115632.39,85.97791863648341
2025-10-07,Buy,124658.54,85.97791863648341
2025-10-08,Sell,121332.96,83.35017264294333
2025-10-09,Buy,123306.01,83.35017264294333
2025-10-10,Sell,121662.41,81.91086151342888
2026-04-23,Buy,78178.22,81.91086151342888
2026-04-28,Sell,77371.32,80.74182132739861
2026-05-25,Buy,77064.96,80.74182132739861
2026-05-27,Sell,75930.01,79.23514577217607
